"ar","lengd","sum_fjoldi","cum","max(cum)","percent_per_year"
1985,19,1,1,4368,0.000228937728937729
1985,25,9,10,4368,0.00206043956043956
1985,26,5,15,4368,0.00114468864468864
1985,27,32,47,4368,0.00732600732600733
1985,28,39,86,4368,0.00892857142857143
1985,29,55,141,4368,0.0125915750915751
1985,30,90,231,4368,0.0206043956043956
1985,31,113,344,4368,0.0258699633699634
1985,32,196,540,4368,0.0448717948717949
1985,33,212,752,4368,0.0485347985347985
1985,34,311,1063,4368,0.0711996336996337
1985,35,347,1410,4368,0.0794413919413919
1985,36,376,1786,4368,0.0860805860805861
1985,37,424,2210,4368,0.0970695970695971
1985,38,407,2617,4368,0.0931776556776557
1985,39,344,2961,4368,0.0787545787545788
1985,40,298,3259,4368,0.0682234432234432
1985,41,242,3501,4368,0.0554029304029304
1985,42,210,3711,4368,0.0480769230769231
1985,43,144,3855,4368,0.032967032967033
1985,44,131,3986,4368,0.0299908424908425
1985,45,111,4097,4368,0.0254120879120879
1985,46,71,4168,4368,0.0162545787545788
1985,47,52,4220,4368,0.0119047619047619
1985,48,41,4261,4368,0.00938644688644689
1985,49,34,4295,4368,0.00778388278388278
1985,50,25,4320,4368,0.00572344322344322
1985,51,14,4334,4368,0.00320512820512821
1985,52,11,4345,4368,0.00251831501831502
1985,53,9,4354,4368,0.00206043956043956
1985,54,5,4359,4368,0.00114468864468864
1985,55,5,4364,4368,0.00114468864468864
1985,56,2,4366,4368,0.000457875457875458
1985,57,1,4367,4368,0.000228937728937729
1985,58,1,4368,4368,0.000228937728937729
1986,20,1,1,3657,0.000273448181569593
1986,24,1,2,3657,0.000273448181569593
1986,25,4,6,3657,0.00109379272627837
1986,26,6,12,3657,0.00164068908941756
1986,27,6,18,3657,0.00164068908941756
1986,28,19,37,3657,0.00519551544982226
1986,29,52,89,3657,0.0142193054416188
1986,30,100,189,3657,0.0273448181569593
1986,31,142,331,3657,0.0388296417828821
1986,32,163,494,3657,0.0445720535958436
1986,33,240,734,3657,0.0656275635767022
1986,34,251,985,3657,0.0686354935739677
1986,35,282,1267,3657,0.0771123872026251
1986,36,282,1549,3657,0.0771123872026251
1986,37,292,1841,3657,0.079846869018321
1986,38,328,2169,3657,0.0896910035548264
1986,39,302,2471,3657,0.082581350834017
1986,40,264,2735,3657,0.0721903199343724
1986,41,197,2932,3657,0.0538692917692097
1986,42,157,3089,3657,0.042931364506426
1986,43,127,3216,3657,0.0347279190593383
1986,44,99,3315,3657,0.0270713699753897
1986,45,89,3404,3657,0.0243368881596937
1986,46,53,3457,3657,0.0144927536231884
1986,47,44,3501,3657,0.0120317199890621
1986,48,38,3539,3657,0.0103910308996445
1986,49,37,3576,3657,0.0101175827180749
1986,50,16,3592,3657,0.00437517090511348
1986,51,24,3616,3657,0.00656275635767022
1986,52,20,3636,3657,0.00546896363139185
1986,53,9,3645,3657,0.00246103363412633
1986,54,6,3651,3657,0.00164068908941756
1986,55,4,3655,3657,0.00109379272627837
1986,56,1,3656,3657,0.000273448181569593
1986,57,1,3657,3657,0.000273448181569593
1987,20,1,1,2279,0.000438788942518649
1987,21,1,2,2279,0.000438788942518649
1987,22,1,3,2279,0.000438788942518649
1987,23,2,5,2279,0.000877577885037297
1987,24,6,11,2279,0.00263273365511189
1987,25,5,16,2279,0.00219394471259324
1987,26,14,30,2279,0.00614304519526108
1987,27,19,49,2279,0.00833698990785432
1987,28,31,80,2279,0.0136024572180781
1987,29,42,122,2279,0.0184291355857832
1987,30,84,206,2279,0.0368582711715665
1987,31,104,310,2279,0.0456340500219394
1987,32,127,437,2279,0.0557261956998684
1987,33,152,589,2279,0.0666959192628346
1987,34,173,762,2279,0.0759104870557262
1987,35,171,933,2279,0.0750329091706889
1987,36,220,1153,2279,0.0965335673541027
1987,37,206,1359,2279,0.0903905221588416
1987,38,171,1530,2279,0.0750329091706889
1987,39,118,1648,2279,0.0517770952172005
1987,40,136,1784,2279,0.0596752961825362
1987,41,96,1880,2279,0.0421237384817903
1987,42,91,1971,2279,0.039929793769197
1987,43,58,2029,2279,0.0254497586660816
1987,44,66,2095,2279,0.0289600702062308
1987,45,44,2139,2279,0.0193067134708205
1987,46,26,2165,2279,0.0114085125054849
1987,47,25,2190,2279,0.0109697235629662
1987,48,22,2212,2279,0.00965335673541027
1987,49,14,2226,2279,0.00614304519526108
1987,50,15,2241,2279,0.00658183413777973
1987,51,10,2251,2279,0.00438788942518649
1987,52,6,2257,2279,0.00263273365511189
1987,53,6,2263,2279,0.00263273365511189
1987,54,3,2266,2279,0.00131636682755595
1987,55,5,2271,2279,0.00219394471259324
1987,56,3,2274,2279,0.00131636682755595
1987,57,4,2278,2279,0.00175515577007459
1987,58,1,2279,2279,0.000438788942518649
1988,23,2,2,2884,0.000693481276005548
1988,24,7,9,2884,0.00242718446601942
1988,25,7,16,2884,0.00242718446601942
1988,26,19,35,2884,0.0065880721220527
1988,27,22,57,2884,0.00762829403606103
1988,28,27,84,2884,0.0093619972260749
1988,29,64,148,2884,0.0221914008321775
1988,30,79,227,2884,0.0273925104022191
1988,31,82,309,2884,0.0284327323162275
1988,32,121,430,2884,0.0419556171983356
1988,33,139,569,2884,0.0481969486823856
1988,34,203,772,2884,0.0703883495145631
1988,35,215,987,2884,0.0745492371705964
1988,36,239,1226,2884,0.082871012482663
1988,37,254,1480,2884,0.0880721220527046
1988,38,221,1701,2884,0.076629680998613
1988,39,256,1957,2884,0.0887656033287101
1988,40,197,2154,2884,0.0683079056865465
1988,41,146,2300,2884,0.050624133148405
1988,42,107,2407,2884,0.0371012482662968
1988,43,87,2494,2884,0.0301664355062413
1988,44,74,2568,2884,0.0256588072122053
1988,45,61,2629,2884,0.0211511789181692
1988,46,49,2678,2884,0.0169902912621359
1988,47,33,2711,2884,0.0114424410540915
1988,48,32,2743,2884,0.0110957004160888
1988,49,41,2784,2884,0.0142163661581137
1988,50,37,2821,2884,0.0128294036061026
1988,51,23,2844,2884,0.0079750346740638
1988,52,12,2856,2884,0.00416088765603329
1988,53,9,2865,2884,0.00312066574202497
1988,54,7,2872,2884,0.00242718446601942
1988,55,4,2876,2884,0.0013869625520111
1988,56,3,2879,2884,0.00104022191400832
1988,57,3,2882,2884,0.00104022191400832
1988,58,2,2884,2884,0.000693481276005548
1989,20,2,2,4142,0.000482858522452921
1989,21,1,3,4142,0.000241429261226461
1989,23,3,6,4142,0.000724287783679382
1989,24,4,10,4142,0.000965717044905843
1989,25,10,20,4142,0.00241429261226461
1989,26,22,42,4142,0.00531144374698213
1989,27,25,67,4142,0.00603573153066152
1989,28,40,107,4142,0.00965717044905843
1989,29,91,198,4142,0.0219700627716079
1989,30,125,323,4142,0.0301786576533076
1989,31,153,476,4142,0.0369386769676485
1989,32,171,647,4142,0.0412844036697248
1989,33,245,892,4142,0.0591501690004829
1989,34,307,1199,4142,0.0741187831965234
1989,35,335,1534,4142,0.0808788025108643
1989,36,332,1866,4142,0.0801545147271849
1989,37,343,2209,4142,0.082810236600676
1989,38,317,2526,4142,0.076533075808788
1989,39,310,2836,4142,0.0748430709802028
1989,40,292,3128,4142,0.0704973442781265
1989,41,244,3372,4142,0.0589087397392564
1989,42,183,3555,4142,0.0441815548044423
1989,43,154,3709,4142,0.0371801062288749
1989,44,122,3831,4142,0.0294543698696282
1989,45,87,3918,4142,0.0210043457267021
1989,46,62,3980,4142,0.0149686141960406
1989,47,57,4037,4142,0.0137614678899083
1989,48,43,4080,4142,0.0103814582327378
1989,49,17,4097,4142,0.00410429744084983
1989,50,21,4118,4142,0.00507001448575567
1989,51,9,4127,4142,0.00217286335103815
1989,52,3,4130,4142,0.000724287783679382
1989,53,6,4136,4142,0.00144857556735876
1989,54,3,4139,4142,0.000724287783679382
1989,55,1,4140,4142,0.000241429261226461
1989,56,2,4142,4142,0.000482858522452921
1990,17,1,1,5348,0.00018698578908003
1990,18,1,2,5348,0.00018698578908003
1990,19,2,4,5348,0.00037397157816006
1990,20,1,5,5348,0.00018698578908003
1990,21,2,7,5348,0.00037397157816006
1990,22,3,10,5348,0.00056095736724009
1990,23,6,16,5348,0.00112191473448018
1990,24,7,23,5348,0.00130890052356021
1990,25,15,38,5348,0.00280478683620045
1990,26,24,62,5348,0.00448765893792072
1990,27,58,120,5348,0.0108451757666417
1990,28,78,198,5348,0.0145848915482423
1990,29,129,327,5348,0.0241211667913239
1990,30,265,592,5348,0.0495512341062079
1990,31,296,888,5348,0.0553477935676889
1990,32,420,1308,5348,0.0785340314136126
1990,33,389,1697,5348,0.0727374719521316
1990,34,416,2113,5348,0.0777860882572924
1990,35,401,2514,5348,0.074981301421092
1990,36,378,2892,5348,0.0706806282722513
1990,37,393,3285,5348,0.0734854151084518
1990,38,338,3623,5348,0.0632011967090501
1990,39,306,3929,5348,0.0572176514584892
1990,40,341,4270,5348,0.0637621540762902
1990,41,276,4546,5348,0.0516080777860883
1990,42,173,4719,5348,0.0323485415108452
1990,43,145,4864,5348,0.0271129394166043
1990,44,126,4990,5348,0.0235602094240838
1990,45,103,5093,5348,0.0192595362752431
1990,46,76,5169,5348,0.0142109199700823
1990,47,64,5233,5348,0.0119670905011219
1990,48,44,5277,5348,0.00822737471952132
1990,49,25,5302,5348,0.00467464472700075
1990,50,17,5319,5348,0.00317875841436051
1990,51,7,5326,5348,0.00130890052356021
1990,52,6,5332,5348,0.00112191473448018
1990,53,4,5336,5348,0.00074794315632012
1990,54,4,5340,5348,0.00074794315632012
1990,55,4,5344,5348,0.00074794315632012
1990,56,2,5346,5348,0.00037397157816006
1990,57,1,5347,5348,0.00018698578908003
1990,58,1,5348,5348,0.00018698578908003
1991,25,3,3,1466,0.00204638472032742
1991,26,3,6,1466,0.00204638472032742
1991,28,2,8,1466,0.00136425648021828
1991,29,11,19,1466,0.00750341064120055
1991,30,26,45,1466,0.0177353342428377
1991,31,46,91,1466,0.0313778990450205
1991,32,57,148,1466,0.038881309686221
1991,33,100,248,1466,0.0682128240109141
1991,34,107,355,1466,0.072987721691678
1991,35,117,472,1466,0.0798090040927694
1991,36,127,599,1466,0.0866302864938608
1991,37,128,727,1466,0.08731241473397
1991,38,107,834,1466,0.072987721691678
1991,39,99,933,1466,0.0675306957708049
1991,40,103,1036,1466,0.0702592087312415
1991,41,80,1116,1466,0.0545702592087312
1991,42,62,1178,1466,0.0422919508867667
1991,43,62,1240,1466,0.0422919508867667
1991,44,47,1287,1466,0.0320600272851296
1991,45,38,1325,1466,0.0259208731241473
1991,46,29,1354,1466,0.0197817189631651
1991,47,21,1375,1466,0.014324693042292
1991,48,29,1404,1466,0.0197817189631651
1991,49,20,1424,1466,0.0136425648021828
1991,50,16,1440,1466,0.0109140518417462
1991,51,15,1455,1466,0.0102319236016371
1991,52,5,1460,1466,0.0034106412005457
1991,53,3,1463,1466,0.00204638472032742
1991,54,1,1464,1466,0.000682128240109141
1991,56,2,1466,1466,0.00136425648021828
1992,21,2,2,875,0.00228571428571429
1992,23,3,5,875,0.00342857142857143
1992,24,4,9,875,0.00457142857142857
1992,25,6,15,875,0.00685714285714286
1992,26,23,38,875,0.0262857142857143
1992,27,30,68,875,0.0342857142857143
1992,28,42,110,875,0.048
1992,29,44,154,875,0.0502857142857143
1992,30,56,210,875,0.064
1992,31,66,276,875,0.0754285714285714
1992,32,60,336,875,0.0685714285714286
1992,33,62,398,875,0.0708571428571429
1992,34,45,443,875,0.0514285714285714
1992,35,41,484,875,0.0468571428571429
1992,36,44,528,875,0.0502857142857143
1992,37,40,568,875,0.0457142857142857
1992,38,30,598,875,0.0342857142857143
1992,39,43,641,875,0.0491428571428571
1992,40,29,670,875,0.0331428571428571
1992,41,28,698,875,0.032
1992,42,22,720,875,0.0251428571428571
1992,43,20,740,875,0.0228571428571429
1992,44,29,769,875,0.0331428571428571
1992,45,23,792,875,0.0262857142857143
1992,46,19,811,875,0.0217142857142857
1992,47,12,823,875,0.0137142857142857
1992,48,15,838,875,0.0171428571428571
1992,49,10,848,875,0.0114285714285714
1992,50,9,857,875,0.0102857142857143
1992,51,4,861,875,0.00457142857142857
1992,52,5,866,875,0.00571428571428571
1992,53,3,869,875,0.00342857142857143
1992,54,2,871,875,0.00228571428571429
1992,57,1,872,875,0.00114285714285714
1992,58,2,874,875,0.00228571428571429
1992,59,1,875,875,0.00114285714285714
1993,19,1,1,2620,0.000381679389312977
1993,23,1,2,2620,0.000381679389312977
1993,24,3,5,2620,0.00114503816793893
1993,25,6,11,2620,0.00229007633587786
1993,26,12,23,2620,0.00458015267175573
1993,27,18,41,2620,0.00687022900763359
1993,28,21,62,2620,0.00801526717557252
1993,29,36,98,2620,0.0137404580152672
1993,30,57,155,2620,0.0217557251908397
1993,31,113,268,2620,0.0431297709923664
1993,32,179,447,2620,0.0683206106870229
1993,33,242,689,2620,0.0923664122137405
1993,34,228,917,2620,0.0870229007633588
1993,35,290,1207,2620,0.110687022900763
1993,36,293,1500,2620,0.111832061068702
1993,37,239,1739,2620,0.0912213740458015
1993,38,185,1924,2620,0.0706106870229008
1993,39,164,2088,2620,0.0625954198473282
1993,40,149,2237,2620,0.0568702290076336
1993,41,118,2355,2620,0.0450381679389313
1993,42,76,2431,2620,0.0290076335877863
1993,43,51,2482,2620,0.0194656488549618
1993,44,49,2531,2620,0.0187022900763359
1993,45,29,2560,2620,0.0110687022900763
1993,46,20,2580,2620,0.00763358778625954
1993,47,13,2593,2620,0.0049618320610687
1993,48,11,2604,2620,0.00419847328244275
1993,49,3,2607,2620,0.00114503816793893
1993,50,5,2612,2620,0.00190839694656489
1993,51,2,2614,2620,0.000763358778625954
1993,52,1,2615,2620,0.000381679389312977
1993,53,1,2616,2620,0.000381679389312977
1993,55,1,2617,2620,0.000381679389312977
1993,56,2,2619,2620,0.000763358778625954
1993,58,1,2620,2620,0.000381679389312977
1994,22,1,1,1748,0.0005720823798627
1994,23,3,4,1748,0.0017162471395881
1994,24,2,6,1748,0.0011441647597254
1994,25,2,8,1748,0.0011441647597254
1994,26,6,14,1748,0.0034324942791762
1994,27,8,22,1748,0.0045766590389016
1994,28,19,41,1748,0.0108695652173913
1994,29,39,80,1748,0.0223112128146453
1994,30,57,137,1748,0.0326086956521739
1994,31,93,230,1748,0.0532036613272311
1994,32,110,340,1748,0.062929061784897
1994,33,162,502,1748,0.0926773455377574
1994,34,166,668,1748,0.0949656750572082
1994,35,136,804,1748,0.0778032036613272
1994,36,147,951,1748,0.0840961098398169
1994,37,135,1086,1748,0.0772311212814645
1994,38,107,1193,1748,0.0612128146453089
1994,39,107,1300,1748,0.0612128146453089
1994,40,97,1397,1748,0.0554919908466819
1994,41,87,1484,1748,0.0497711670480549
1994,42,86,1570,1748,0.0491990846681922
1994,43,64,1634,1748,0.0366132723112128
1994,44,41,1675,1748,0.0234553775743707
1994,45,28,1703,1748,0.0160183066361556
1994,46,16,1719,1748,0.0091533180778032
1994,47,10,1729,1748,0.005720823798627
1994,48,8,1737,1748,0.0045766590389016
1994,49,5,1742,1748,0.0028604118993135
1994,50,2,1744,1748,0.0011441647597254
1994,51,1,1745,1748,0.0005720823798627
1994,52,1,1746,1748,0.0005720823798627
1994,53,1,1747,1748,0.0005720823798627
1994,58,1,1748,1748,0.0005720823798627
1995,8,1,1,1351,0.00074019245003701
1995,10,2,3,1351,0.00148038490007402
1995,11,3,6,1351,0.00222057735011103
1995,12,9,15,1351,0.00666173205033309
1995,13,6,21,1351,0.00444115470022206
1995,14,5,26,1351,0.00370096225018505
1995,15,9,35,1351,0.00666173205033309
1995,16,9,44,1351,0.00666173205033309
1995,17,7,51,1351,0.00518134715025907
1995,18,13,64,1351,0.00962250185048113
1995,19,25,89,1351,0.0185048112509252
1995,20,18,107,1351,0.0133234641006662
1995,21,12,119,1351,0.00888230940044412
1995,22,22,141,1351,0.0162842339008142
1995,23,21,162,1351,0.0155440414507772
1995,24,14,176,1351,0.0103626943005181
1995,25,28,204,1351,0.0207253886010363
1995,26,45,249,1351,0.0333086602516654
1995,27,46,295,1351,0.0340488527017024
1995,28,60,355,1351,0.0444115470022206
1995,29,60,415,1351,0.0444115470022206
1995,30,56,471,1351,0.0414507772020725
1995,31,52,523,1351,0.0384900074019245
1995,32,48,571,1351,0.0355292376017765
1995,33,73,644,1351,0.0540340488527017
1995,34,72,716,1351,0.0532938564026647
1995,35,61,777,1351,0.0451517394522576
1995,36,38,815,1351,0.0281273131014064
1995,37,25,840,1351,0.0185048112509252
1995,38,30,870,1351,0.0222057735011103
1995,39,31,901,1351,0.0229459659511473
1995,40,30,931,1351,0.0222057735011103
1995,41,43,974,1351,0.0318282753515914
1995,42,50,1024,1351,0.0370096225018505
1995,43,52,1076,1351,0.0384900074019245
1995,44,44,1120,1351,0.0325684678016284
1995,45,58,1178,1351,0.0429311621021466
1995,46,47,1225,1351,0.0347890451517395
1995,47,18,1243,1351,0.0133234641006662
1995,48,20,1263,1351,0.0148038490007402
1995,49,19,1282,1351,0.0140636565507032
1995,50,14,1296,1351,0.0103626943005181
1995,51,17,1313,1351,0.0125832716506292
1995,52,10,1323,1351,0.0074019245003701
1995,53,11,1334,1351,0.00814211695040711
1995,54,6,1340,1351,0.00444115470022206
1995,55,3,1343,1351,0.00222057735011103
1995,56,5,1348,1351,0.00370096225018505
1995,57,1,1349,1351,0.00074019245003701
1995,58,1,1350,1351,0.00074019245003701
1995,59,1,1351,1351,0.00074019245003701
1996,18,1,1,1518,0.000658761528326746
1996,19,1,2,1518,0.000658761528326746
1996,22,1,3,1518,0.000658761528326746
1996,25,1,4,1518,0.000658761528326746
1996,26,3,7,1518,0.00197628458498024
1996,27,4,11,1518,0.00263504611330698
1996,28,12,23,1518,0.00790513833992095
1996,29,20,43,1518,0.0131752305665349
1996,30,52,95,1518,0.0342555994729908
1996,31,80,175,1518,0.0527009222661397
1996,32,132,307,1518,0.0869565217391304
1996,33,169,476,1518,0.11133069828722
1996,34,183,659,1518,0.120553359683794
1996,35,192,851,1518,0.126482213438735
1996,36,177,1028,1518,0.116600790513834
1996,37,135,1163,1518,0.0889328063241107
1996,38,89,1252,1518,0.0586297760210804
1996,39,81,1333,1518,0.0533596837944664
1996,40,66,1399,1518,0.0434782608695652
1996,41,50,1449,1518,0.0329380764163373
1996,42,28,1477,1518,0.0184453227931489
1996,43,21,1498,1518,0.0138339920948617
1996,44,11,1509,1518,0.0072463768115942
1996,45,5,1514,1518,0.00329380764163373
1996,46,1,1515,1518,0.000658761528326746
1996,47,1,1516,1518,0.000658761528326746
1996,48,1,1517,1518,0.000658761528326746
1996,55,1,1518,1518,0.000658761528326746
1997,23,2,2,1328,0.00150602409638554
1997,24,1,3,1328,0.000753012048192771
1997,25,5,8,1328,0.00376506024096386
1997,26,3,11,1328,0.00225903614457831
1997,27,12,23,1328,0.00903614457831325
1997,28,19,42,1328,0.0143072289156626
1997,29,28,70,1328,0.0210843373493976
1997,30,38,108,1328,0.0286144578313253
1997,31,68,176,1328,0.0512048192771084
1997,32,90,266,1328,0.0677710843373494
1997,33,140,406,1328,0.105421686746988
1997,34,172,578,1328,0.129518072289157
1997,35,176,754,1328,0.132530120481928
1997,36,158,912,1328,0.118975903614458
1997,37,117,1029,1328,0.0881024096385542
1997,38,99,1128,1328,0.0745481927710843
1997,39,72,1200,1328,0.0542168674698795
1997,40,49,1249,1328,0.0368975903614458
1997,41,28,1277,1328,0.0210843373493976
1997,42,16,1293,1328,0.0120481927710843
1997,43,11,1304,1328,0.00828313253012048
1997,44,12,1316,1328,0.00903614457831325
1997,45,3,1319,1328,0.00225903614457831
1997,46,5,1324,1328,0.00376506024096386
1997,48,2,1326,1328,0.00150602409638554
1997,50,1,1327,1328,0.000753012048192771
1997,58,1,1328,1328,0.000753012048192771
1998,21,1,1,4701,0.000212720697723889
1998,22,1,2,4701,0.000212720697723889
1998,23,4,6,4701,0.000850882790895554
1998,24,3,9,4701,0.000638162093171666
1998,25,12,21,4701,0.00255264837268666
1998,26,28,49,4701,0.00595617953626888
1998,27,70,119,4701,0.0148904488406722
1998,28,98,217,4701,0.0208466283769411
1998,29,143,360,4701,0.0304190597745161
1998,30,198,558,4701,0.0421186981493299
1998,31,232,790,4701,0.0493512018719421
1998,32,327,1117,4701,0.0695596681557115
1998,33,436,1553,4701,0.0927462242076154
1998,34,435,1988,4701,0.0925335035098915
1998,35,466,2454,4701,0.0991278451393321
1998,36,421,2875,4701,0.0895554137417571
1998,37,428,3303,4701,0.0910444586258243
1998,38,308,3611,4701,0.0655179748989577
1998,39,249,3860,4701,0.0529674537332482
1998,40,200,4060,4701,0.0425441395447777
1998,41,199,4259,4701,0.0423314188470538
1998,42,147,4406,4701,0.0312699425654116
1998,43,100,4506,4701,0.0212720697723889
1998,44,63,4569,4701,0.013401403956605
1998,45,62,4631,4701,0.0131886832588811
1998,46,28,4659,4701,0.00595617953626888
1998,47,13,4672,4701,0.00276536907041055
1998,48,13,4685,4701,0.00276536907041055
1998,49,5,4690,4701,0.00106360348861944
1998,50,2,4692,4701,0.000425441395447777
1998,51,2,4694,4701,0.000425441395447777
1998,53,1,4695,4701,0.000212720697723889
1998,54,1,4696,4701,0.000212720697723889
1998,55,2,4698,4701,0.000425441395447777
1998,57,1,4699,4701,0.000212720697723889
1998,58,2,4701,4701,0.000425441395447777
1999,21,3,3,1930,0.00155440414507772
1999,23,2,5,1930,0.00103626943005181
1999,24,3,8,1930,0.00155440414507772
1999,25,12,20,1930,0.00621761658031088
1999,26,32,52,1930,0.016580310880829
1999,27,41,93,1930,0.0212435233160622
1999,28,85,178,1930,0.0440414507772021
1999,29,161,339,1930,0.083419689119171
1999,30,224,563,1930,0.116062176165803
1999,31,208,771,1930,0.107772020725389
1999,32,166,937,1930,0.0860103626943005
1999,33,171,1108,1930,0.0886010362694301
1999,34,150,1258,1930,0.077720207253886
1999,35,159,1417,1930,0.0823834196891192
1999,36,129,1546,1930,0.066839378238342
1999,37,84,1630,1930,0.0435233160621762
1999,38,87,1717,1930,0.0450777202072539
1999,39,57,1774,1930,0.0295336787564767
1999,40,51,1825,1930,0.0264248704663212
1999,41,37,1862,1930,0.0191709844559586
1999,42,20,1882,1930,0.0103626943005181
1999,43,14,1896,1930,0.00725388601036269
1999,44,13,1909,1930,0.00673575129533679
1999,45,12,1921,1930,0.00621761658031088
1999,46,6,1927,1930,0.00310880829015544
1999,47,2,1929,1930,0.00103626943005181
1999,48,1,1930,1930,0.000518134715025907
2000,20,1,1,9025,0.000110803324099723
2000,21,2,3,9025,0.000221606648199446
2000,22,3,6,9025,0.000332409972299169
2000,23,5,11,9025,0.000554016620498615
2000,24,6,17,9025,0.000664819944598338
2000,25,20,37,9025,0.00221606648199446
2000,26,38,75,9025,0.00421052631578947
2000,27,66,141,9025,0.00731301939058172
2000,28,114,255,9025,0.0126315789473684
2000,29,186,441,9025,0.0206094182825485
2000,30,329,770,9025,0.0364542936288089
2000,31,484,1254,9025,0.0536288088642659
2000,32,697,1951,9025,0.0772299168975069
2000,33,924,2875,9025,0.102382271468144
2000,34,848,3723,9025,0.0939612188365651
2000,35,817,4540,9025,0.0905263157894737
2000,36,834,5374,9025,0.092409972299169
2000,37,740,6114,9025,0.081994459833795
2000,38,623,6737,9025,0.0690304709141274
2000,39,504,7241,9025,0.0558448753462604
2000,40,422,7663,9025,0.0467590027700831
2000,41,312,7975,9025,0.0345706371191136
2000,42,241,8216,9025,0.0267036011080332
2000,43,201,8417,9025,0.0222714681440443
2000,44,167,8584,9025,0.0185041551246537
2000,45,122,8706,9025,0.0135180055401662
2000,46,81,8787,9025,0.00897506925207756
2000,47,71,8858,9025,0.00786703601108033
2000,48,43,8901,9025,0.00476454293628809
2000,49,35,8936,9025,0.0038781163434903
2000,50,22,8958,9025,0.00243767313019391
2000,51,16,8974,9025,0.00177285318559557
2000,52,11,8985,9025,0.00121883656509695
2000,53,11,8996,9025,0.00121883656509695
2000,54,7,9003,9025,0.000775623268698061
2000,55,3,9006,9025,0.000332409972299169
2000,56,5,9011,9025,0.000554016620498615
2000,57,9,9020,9025,0.000997229916897507
2000,58,3,9023,9025,0.000332409972299169
2000,59,2,9025,9025,0.000221606648199446
2001,22,2,2,3285,0.00060882800608828
2001,23,2,4,3285,0.00060882800608828
2001,24,3,7,3285,0.00091324200913242
2001,25,4,11,3285,0.00121765601217656
2001,26,17,28,3285,0.00517503805175038
2001,27,36,64,3285,0.010958904109589
2001,28,57,121,3285,0.017351598173516
2001,29,113,234,3285,0.0343987823439878
2001,30,164,398,3285,0.049923896499239
2001,31,205,603,3285,0.0624048706240487
2001,32,276,879,3285,0.0840182648401827
2001,33,333,1212,3285,0.101369863013699
2001,34,359,1571,3285,0.109284627092846
2001,35,330,1901,3285,0.100456621004566
2001,36,253,2154,3285,0.0770167427701674
2001,37,218,2372,3285,0.0663622526636225
2001,38,188,2560,3285,0.0572298325722983
2001,39,154,2714,3285,0.0468797564687976
2001,40,131,2845,3285,0.0398782343987823
2001,41,110,2955,3285,0.0334855403348554
2001,42,94,3049,3285,0.0286149162861492
2001,43,71,3120,3285,0.0216133942161339
2001,44,40,3160,3285,0.0121765601217656
2001,45,48,3208,3285,0.0146118721461187
2001,46,15,3223,3285,0.0045662100456621
2001,47,19,3242,3285,0.00578386605783866
2001,48,23,3265,3285,0.00700152207001522
2001,49,6,3271,3285,0.00182648401826484
2001,50,3,3274,3285,0.00091324200913242
2001,51,6,3280,3285,0.00182648401826484
2001,52,1,3281,3285,0.00030441400304414
2001,53,2,3283,3285,0.00060882800608828
2001,55,1,3284,3285,0.00030441400304414
2001,58,1,3285,3285,0.00030441400304414
2002,21,1,1,4854,0.000206015657189946
2002,23,3,4,4854,0.000618046971569839
2002,24,2,6,4854,0.000412031314379893
2002,25,10,16,4854,0.00206015657189946
2002,26,21,37,4854,0.00432632880098887
2002,27,37,74,4854,0.00762257931602802
2002,28,59,133,4854,0.0121549237742068
2002,29,117,250,4854,0.0241038318912237
2002,30,186,436,4854,0.03831891223733
2002,31,244,680,4854,0.0502678203543469
2002,32,313,993,4854,0.0644829007004532
2002,33,410,1403,4854,0.084466419447878
2002,34,451,1854,4854,0.0929130613926658
2002,35,455,2309,4854,0.0937371240214256
2002,36,448,2757,4854,0.092295014421096
2002,37,442,3199,4854,0.0910589204779563
2002,38,383,3582,4854,0.0789039967037495
2002,39,358,3940,4854,0.0737536052740008
2002,40,225,4165,4854,0.0463535228677379
2002,41,194,4359,4854,0.0399670374948496
2002,42,166,4525,4854,0.0341985990935311
2002,43,94,4619,4854,0.019365471775855
2002,44,67,4686,4854,0.0138030490317264
2002,45,54,4740,4854,0.0111248454882571
2002,46,34,4774,4854,0.00700453234445818
2002,47,26,4800,4854,0.00535640708693861
2002,48,18,4818,4854,0.00370828182941904
2002,49,14,4832,4854,0.00288421920065925
2002,50,6,4838,4854,0.00123609394313968
2002,51,3,4841,4854,0.000618046971569839
2002,52,1,4842,4854,0.000206015657189946
2002,53,5,4847,4854,0.00103007828594973
2002,54,1,4848,4854,0.000206015657189946
2002,55,2,4850,4854,0.000412031314379893
2002,56,3,4853,4854,0.000618046971569839
2002,57,1,4854,4854,0.000206015657189946
2003,18,1,1,8089,0.000123624675485227
2003,20,5,6,8089,0.000618123377426134
2003,21,4,10,8089,0.000494498701940907
2003,22,17,27,8089,0.00210161948324886
2003,23,23,50,8089,0.00284336753616022
2003,24,44,94,8089,0.00543948572134998
2003,25,92,186,8089,0.0113734701446409
2003,26,107,293,8089,0.0132278402769193
2003,27,178,471,8089,0.0220051922363704
2003,28,184,655,8089,0.0227469402892817
2003,29,236,891,8089,0.0291754234145135
2003,30,288,1179,8089,0.0356039065397453
2003,31,362,1541,8089,0.0447521325256521
2003,32,421,1962,8089,0.0520459883792805
2003,33,591,2553,8089,0.0730621832117691
2003,34,737,3290,8089,0.0911113858326122
2003,35,819,4109,8089,0.101248609222401
2003,36,843,4952,8089,0.104215601434046
2003,37,728,5680,8089,0.0899987637532451
2003,38,633,6313,8089,0.0782544195821486
2003,39,488,6801,8089,0.0603288416367907
2003,40,386,7187,8089,0.0477191247372976
2003,41,271,7458,8089,0.0335022870564965
2003,42,174,7632,8089,0.0215106935344295
2003,43,166,7798,8089,0.0205216961305477
2003,44,80,7878,8089,0.00988997403881815
2003,45,62,7940,8089,0.00766472988008406
2003,46,47,7987,8089,0.00581035974780566
2003,47,34,8021,8089,0.00420323896649771
2003,48,24,8045,8089,0.00296699221164544
2003,49,11,8056,8089,0.0013598714303375
2003,50,17,8073,8089,0.00210161948324886
2003,51,6,8079,8089,0.000741748052911361
2003,52,3,8082,8089,0.000370874026455681
2003,53,2,8084,8089,0.000247249350970454
2003,54,3,8087,8089,0.000370874026455681
2003,55,2,8089,8089,0.000247249350970454
2004,12,24.5,24.5,5767,0.00424830934628056
2004,13,109.833333333333,134.333333333333,5767,0.0190451418993122
2004,14,50,184.333333333333,5767,0.00867001907404196
2004,15,50,234.333333333333,5767,0.00867001907404196
2004,16,86.6666666666667,321,5767,0.0150280330616727
2004,20,1,322,5767,0.000173400381480839
2004,21,1,323,5767,0.000173400381480839
2004,23,2,325,5767,0.000346800762961679
2004,24,10,335,5767,0.00173400381480839
2004,25,28,363,5767,0.0048552106814635
2004,26,46,409,5767,0.00797641754811861
2004,27,87,496,5767,0.015085833188833
2004,28,92,588,5767,0.0159528350962372
2004,29,110,698,5767,0.0190740419628923
2004,30,156,854,5767,0.0270504595110109
2004,31,193,1047,5767,0.033466273625802
2004,32,287,1334,5767,0.0497659094850009
2004,33,420,1754,5767,0.0728281602219525
2004,34,488,2242,5767,0.0846193861626496
2004,35,527,2769,5767,0.0913820010404023
2004,36,563,3332,5767,0.0976244147737125
2004,37,516,3848,5767,0.0894745968441131
2004,38,472,4320,5767,0.0818449800589561
2004,39,365,4685,5767,0.0632911392405063
2004,40,299,4984,5767,0.0518467140627709
2004,41,236,5220,5767,0.0409224900294781
2004,42,161,5381,5767,0.0279174614184151
2004,43,133,5514,5767,0.0230622507369516
2004,44,74,5588,5767,0.0128316282295821
2004,45,72,5660,5767,0.0124848274666204
2004,46,27,5687,5767,0.00468181029998266
2004,47,37,5724,5767,0.00641581411479105
2004,48,14,5738,5767,0.00242760534073175
2004,49,10,5748,5767,0.00173400381480839
2004,50,9,5757,5767,0.00156060343332755
2004,51,5,5762,5767,0.000867001907404196
2004,53,1,5763,5767,0.000173400381480839
2004,54,3,5766,5767,0.000520201144442518
2004,56,1,5767,5767,0.000173400381480839
2005,14,1,1,14828,6.74399784192069e-05
2005,15,2,3,14828,0.000134879956838414
2005,16,14,17,14828,0.000944159697868897
2005,17,12,29,14828,0.000809279741030483
2005,18,7,36,14828,0.000472079848934448
2005,19,13,49,14828,0.00087671971944969
2005,20,23,72,14828,0.00155111950364176
2005,21,20,92,14828,0.00134879956838414
2005,22,14,106,14828,0.000944159697868897
2005,23,23,129,14828,0.00155111950364176
2005,24,24,153,14828,0.00161855948206097
2005,25,53,206,14828,0.00357431885621797
2005,26,63,269,14828,0.00424871864041004
2005,27,123,392,14828,0.00829511734556245
2005,28,223,615,14828,0.0150391151874831
2005,29,430,1045,14828,0.028999190720259
2005,30,687,1732,14828,0.0463312651739951
2005,31,829,2561,14828,0.0559077421095225
2005,32,1015,3576,14828,0.068451578095495
2005,33,1332,4908,14828,0.0898300512543836
2005,34,1322,6230,14828,0.0891556514701915
2005,35,1495,7725,14828,0.100822767736714
2005,36,1483,9208,14828,0.100013487995684
2005,37,1300,10508,14828,0.087671971944969
2005,38,1091,11599,14828,0.0735770164553547
2005,39,930,12529,14828,0.0627191799298624
2005,40,694,13223,14828,0.0468033450229296
2005,41,507,13730,14828,0.0341920690585379
2005,42,351,14081,14828,0.0236714324251416
2005,43,246,14327,14828,0.0165902346911249
2005,44,173,14500,14828,0.0116671162665228
2005,45,116,14616,14828,0.007823037496628
2005,46,66,14682,14828,0.00445103857566766
2005,47,55,14737,14828,0.00370919881305638
2005,48,30,14767,14828,0.00202319935257621
2005,49,24,14791,14828,0.00161855948206097
2005,50,11,14802,14828,0.000741839762611276
2005,51,6,14808,14828,0.000404639870515241
2005,52,8,14816,14828,0.000539519827353655
2005,53,2,14818,14828,0.000134879956838414
2005,54,3,14821,14828,0.000202319935257621
2005,55,2,14823,14828,0.000134879956838414
2005,56,2,14825,14828,0.000134879956838414
2005,57,1,14826,14828,6.74399784192069e-05
2005,58,1,14827,14828,6.74399784192069e-05
2005,59,1,14828,14828,6.74399784192069e-05
2006,11,1,1,15997,6.25117209476777e-05
2006,16,2,3,15997,0.000125023441895355
2006,17,1,4,15997,6.25117209476777e-05
2006,19,1,5,15997,6.25117209476777e-05
2006,21,6,11,15997,0.000375070325686066
2006,22,6,17,15997,0.000375070325686066
2006,23,5,22,15997,0.000312558604738388
2006,24,13,35,15997,0.00081265237231981
2006,25,26,61,15997,0.00162530474463962
2006,26,37,98,15997,0.00231293367506407
2006,27,56,154,15997,0.00350065637306995
2006,28,113,267,15997,0.00706382446708758
2006,29,224,491,15997,0.0140026254922798
2006,30,434,925,15997,0.0271300868912921
2006,31,717,1642,15997,0.0448209039194849
2006,32,987,2629,15997,0.0616990685753579
2006,33,1564,4193,15997,0.0977683315621679
2006,34,1694,5887,15997,0.105894855285366
2006,35,1652,7539,15997,0.103269363005564
2006,36,1579,9118,15997,0.0987060073763831
2006,37,1571,10689,15997,0.0982059136088017
2006,38,1226,11915,15997,0.0766393698818529
2006,39,1025,12940,15997,0.0640745139713696
2006,40,793,13733,15997,0.0495717947115084
2006,41,630,14363,15997,0.0393823841970369
2006,42,417,14780,15997,0.0260673876351816
2006,43,335,15115,15997,0.020941426517472
2006,44,262,15377,15997,0.0163780708882916
2006,45,203,15580,15997,0.0126898793523786
2006,46,118,15698,15997,0.00737638307182597
2006,47,102,15800,15997,0.00637619553666312
2006,48,64,15864,15997,0.00400075014065137
2006,49,40,15904,15997,0.00250046883790711
2006,50,30,15934,15997,0.00187535162843033
2006,51,18,15952,15997,0.0011252109770582
2006,52,9,15961,15997,0.000562605488529099
2006,53,11,15972,15997,0.000687628930424455
2006,54,11,15983,15997,0.000687628930424455
2006,55,5,15988,15997,0.000312558604738388
2006,56,3,15991,15997,0.000187535162843033
2006,57,3,15994,15997,0.000187535162843033
2006,58,2,15996,15997,0.000125023441895355
2006,59,1,15997,15997,6.25117209476777e-05
2007,5,1,1,9361,0.000106826193782716
2007,20,1,2,9361,0.000106826193782716
2007,22,2,4,9361,0.000213652387565431
2007,23,5,9,9361,0.000534130968913578
2007,24,8,17,9361,0.000854609550261724
2007,25,12,29,9361,0.00128191432539259
2007,26,17,46,9361,0.00181604529430616
2007,27,37,83,9361,0.00395256916996047
2007,28,73,156,9361,0.00779831214613823
2007,29,119,275,9361,0.0127123170601431
2007,30,248,523,9361,0.0264928960581134
2007,31,429,952,9361,0.045828437132785
2007,32,560,1512,9361,0.0598226685183207
2007,33,997,2509,9361,0.106505715201367
2007,34,1069,3578,9361,0.114197201153723
2007,35,1026,4604,9361,0.109603674821066
2007,36,893,5497,9361,0.095395791047965
2007,37,847,6344,9361,0.09048178613396
2007,38,740,7084,9361,0.0790513833992095
2007,39,581,7665,9361,0.0620660185877577
2007,40,511,8176,9361,0.0545881850229676
2007,41,325,8501,9361,0.0347185129793825
2007,42,225,8726,9361,0.024035893601111
2007,43,175,8901,9361,0.0186945839119752
2007,44,147,9048,9361,0.0157034504860592
2007,45,103,9151,9361,0.0110030979596197
2007,46,50,9201,9361,0.00534130968913578
2007,47,49,9250,9361,0.00523448349535306
2007,48,31,9281,9361,0.00331161200726418
2007,49,24,9305,9361,0.00256382865078517
2007,50,25,9330,9361,0.00267065484456789
2007,51,13,9343,9361,0.0013887405191753
2007,52,4,9347,9361,0.000427304775130862
2007,53,2,9349,9361,0.000213652387565431
2007,54,1,9350,9361,0.000106826193782716
2007,55,3,9353,9361,0.000320478581348147
2007,56,1,9354,9361,0.000106826193782716
2007,57,2,9356,9361,0.000213652387565431
2007,58,3,9359,9361,0.000320478581348147
2007,59,2,9361,9361,0.000213652387565431
2008,17,1,1,18189,5.49782835779867e-05
2008,20,3,4,18189,0.00016493485073396
2008,22,6,10,18189,0.00032986970146792
2008,23,9,19,18189,0.00049480455220188
2008,24,2,21,18189,0.000109956567155973
2008,25,26,47,18189,0.00142943537302765
2008,26,43,90,18189,0.00236406619385343
2008,27,100,190,18189,0.00549782835779867
2008,28,178,368,18189,0.00978613447688163
2008,29,303,671,18189,0.01665841992413
2008,30,567,1238,18189,0.0311726867887185
2008,31,678,1916,18189,0.037275276265875
2008,32,1027,2943,18189,0.0564626972345923
2008,33,1627,4570,18189,0.0894496673813844
2008,34,2025,6595,18189,0.111331024245423
2008,35,2016,8611,18189,0.110836219693221
2008,36,2090,10701,18189,0.114904612677992
2008,37,1825,12526,18189,0.100335367529826
2008,38,1605,14131,18189,0.0882401451426686
2008,39,1219,15350,18189,0.0670185276815658
2008,40,892,16242,18189,0.0490406289515641
2008,41,572,16814,18189,0.0314475782066084
2008,42,476,17290,18189,0.0261696629831217
2008,43,281,17571,18189,0.0154488976854143
2008,44,212,17783,18189,0.0116553961185332
2008,45,142,17925,18189,0.00780691626807411
2008,46,90,18015,18189,0.0049480455220188
2008,47,64,18079,18189,0.00351861014899115
2008,48,34,18113,18189,0.00186926164165155
2008,49,30,18143,18189,0.0016493485073396
2008,50,11,18154,18189,0.000604761119357854
2008,51,3,18157,18189,0.00016493485073396
2008,52,6,18163,18189,0.00032986970146792
2008,53,5,18168,18189,0.000274891417889933
2008,54,3,18171,18189,0.00016493485073396
2008,55,2,18173,18189,0.000109956567155973
2008,56,7,18180,18189,0.000384847985045907
2008,57,7,18187,18189,0.000384847985045907
2008,58,1,18188,18189,5.49782835779867e-05
2008,59,1,18189,18189,5.49782835779867e-05
2009,23,2,2,9886,0.000202306291725673
2009,24,2,4,9886,0.000202306291725673
2009,25,2,6,9886,0.000202306291725673
2009,26,3,9,9886,0.000303459437588509
2009,27,6,15,9886,0.000606918875177018
2009,28,17,32,9886,0.00171960347966822
2009,29,47,79,9886,0.00475419785555331
2009,30,107,186,9886,0.0108233866073235
2009,31,208,394,9886,0.02103985433947
2009,32,362,756,9886,0.0366174388023468
2009,33,668,1424,9886,0.0675703014363747
2009,34,861,2285,9886,0.0870928585879021
2009,35,1103,3388,9886,0.111571919886708
2009,36,1174,4562,9886,0.11875379324297
2009,37,1163,5725,9886,0.117641108638479
2009,38,1004,6729,9886,0.101557758446288
2009,39,783,7512,9886,0.0792029132106009
2009,40,646,8158,9886,0.0653449322273923
2009,41,500,8658,9886,0.0505765729314182
2009,42,357,9015,9886,0.0361116730730326
2009,43,266,9281,9886,0.0269067367995145
2009,44,158,9439,9886,0.0159821970463281
2009,45,126,9565,9886,0.0127452963787174
2009,46,82,9647,9886,0.00829455796075258
2009,47,74,9721,9886,0.00748533279384989
2009,48,46,9767,9886,0.00465304470969047
2009,49,23,9790,9886,0.00232652235484524
2009,50,25,9815,9886,0.00252882864657091
2009,51,23,9838,9886,0.00232652235484524
2009,52,13,9851,9886,0.00131499089621687
2009,53,10,9861,9886,0.00101153145862836
2009,54,8,9869,9886,0.000809225166902691
2009,55,7,9876,9886,0.000708072021039854
2009,56,1,9877,9886,0.000101153145862836
2009,57,3,9880,9886,0.000303459437588509
2009,58,4,9884,9886,0.000404612583451345
2009,59,2,9886,9886,0.000202306291725673
2010,12,1,1,14324,6.98129014241832e-05
2010,17,1,2,14324,6.98129014241832e-05
2010,18,2,4,14324,0.000139625802848366
2010,19,3,7,14324,0.00020943870427255
2010,20,4,11,14324,0.000279251605696733
2010,21,2,13,14324,0.000139625802848366
2010,22,5,18,14324,0.000349064507120916
2010,23,6,24,14324,0.000418877408545099
2010,24,8,32,14324,0.000558503211393465
2010,25,19,51,14324,0.00132644512705948
2010,26,39,90,14324,0.00272270315554314
2010,27,60,150,14324,0.00418877408545099
2010,28,100,250,14324,0.00698129014241832
2010,29,149,399,14324,0.0104021223122033
2010,30,298,697,14324,0.0208042446244066
2010,31,431,1128,14324,0.030089360513823
2010,32,671,1799,14324,0.0468444568556269
2010,33,1188,2987,14324,0.0829377268919296
2010,34,1384,4371,14324,0.0966210555710695
2010,35,1594,5965,14324,0.111281764870148
2010,36,1630,7595,14324,0.113795029321419
2010,37,1466,9061,14324,0.102345713487853
2010,38,1207,10268,14324,0.0842641720189891
2010,39,1071,11339,14324,0.0747696174253002
2010,40,750,12089,14324,0.0523596760681374
2010,41,552,12641,14324,0.0385367215861491
2010,42,375,13016,14324,0.0261798380340687
2010,43,348,13364,14324,0.0242948896956157
2010,44,215,13579,14324,0.0150097738061994
2010,45,183,13762,14324,0.0127757609606255
2010,46,142,13904,14324,0.00991343200223401
2010,47,109,14013,14324,0.00760960625523597
2010,48,82,14095,14324,0.00572465791678302
2010,49,50,14145,14324,0.00349064507120916
2010,50,36,14181,14324,0.00251326445127059
2010,51,33,14214,14324,0.00230382574699805
2010,52,21,14235,14324,0.00146607092990785
2010,53,17,14252,14324,0.00118681932421111
2010,54,16,14268,14324,0.00111700642278693
2010,55,16,14284,14324,0.00111700642278693
2010,56,12,14296,14324,0.000837754817090198
2010,57,12,14308,14324,0.000837754817090198
2010,58,9,14317,14324,0.000628316112817649
2010,59,7,14324,14324,0.000488690309969282
2011,17,1,1,11268,8.87468938587149e-05
2011,18,1,2,11268,8.87468938587149e-05
2011,19,1,3,11268,8.87468938587149e-05
2011,20,2,5,11268,0.00017749378771743
2011,21,1,6,11268,8.87468938587149e-05
2011,22,3,9,11268,0.000266240681576145
2011,23,1,10,11268,8.87468938587149e-05
2011,24,5,15,11268,0.000443734469293575
2011,25,13,28,11268,0.00115370962016329
2011,26,26,54,11268,0.00230741924032659
2011,27,51,105,11268,0.00452609158679446
2011,28,70,175,11268,0.00621228257011005
2011,29,115,290,11268,0.0102058927937522
2011,30,231,521,11268,0.0205005324813632
2011,31,370,891,11268,0.0328363507277245
2011,32,686,1577,11268,0.0608803691870785
2011,33,895,2472,11268,0.0794284700035499
2011,34,1097,3569,11268,0.0973553425630103
2011,35,1422,4991,11268,0.126198083067093
2011,36,1302,6293,11268,0.115548455804047
2011,37,1211,7504,11268,0.107472488462904
2011,38,889,8393,11268,0.0788959886403976
2011,39,745,9138,11268,0.0661164359247426
2011,40,602,9740,11268,0.0534256301029464
2011,41,367,10107,11268,0.0325701100461484
2011,42,273,10380,11268,0.0242279020234292
2011,43,187,10567,11268,0.0165956691515797
2011,44,195,10762,11268,0.0173056443024494
2011,45,136,10898,11268,0.0120695775647852
2011,46,96,10994,11268,0.00851970181043664
2011,47,73,11067,11268,0.00647852325168619
2011,48,44,11111,11268,0.00390486332978346
2011,49,43,11154,11268,0.00381611643592474
2011,50,27,11181,11268,0.0023961661341853
2011,51,20,11201,11268,0.0017749378771743
2011,52,26,11227,11268,0.00230741924032659
2011,53,13,11240,11268,0.00115370962016329
2011,54,6,11246,11268,0.00053248136315229
2011,55,1,11247,11268,8.87468938587149e-05
2011,56,7,11254,11268,0.000621228257011005
2011,57,7,11261,11268,0.000621228257011005
2011,58,3,11264,11268,0.000266240681576145
2011,59,4,11268,11268,0.00035498757543486
2012,10,1,1,17461,5.7270488517267e-05
2012,14,2,3,17461,0.000114540977034534
2012,18,2,5,17461,0.000114540977034534
2012,20,13,18,17461,0.000744516350724472
2012,21,9,27,17461,0.000515434396655403
2012,22,2,29,17461,0.000114540977034534
2012,23,3,32,17461,0.000171811465551801
2012,24,24,56,17461,0.00137449172441441
2012,25,4,60,17461,0.000229081954069068
2012,26,36,96,17461,0.00206173758662161
2012,27,26,122,17461,0.00148903270144894
2012,28,53,175,17461,0.00303533589141515
2012,29,128,303,17461,0.00733062253021018
2012,30,276,579,17461,0.0158066548307657
2012,31,390,969,17461,0.0223354905217342
2012,32,678,1647,17461,0.0388293912147071
2012,33,1131,2778,17461,0.064772922513029
2012,34,1766,4544,17461,0.101139682721494
2012,35,2305,6849,17461,0.132008476032301
2012,36,2325,9174,17461,0.133153885802646
2012,37,2241,11415,17461,0.128343164767195
2012,38,1714,13129,17461,0.0981616173185957
2012,39,1289,14418,17461,0.0738216596987572
2012,40,899,15317,17461,0.0514861691770231
2012,41,558,15875,17461,0.031956932592635
2012,42,414,16289,17461,0.0237099822461486
2012,43,289,16578,17461,0.0165511711814902
2012,44,185,16763,17461,0.0105950403756944
2012,45,160,16923,17461,0.00916327816276273
2012,46,114,17037,17461,0.00652883569096844
2012,47,100,17137,17461,0.0057270488517267
2012,48,74,17211,17461,0.00423801615027776
2012,49,52,17263,17461,0.00297806540289789
2012,50,58,17321,17461,0.00332168833400149
2012,51,31,17352,17461,0.00177538514403528
2012,52,29,17381,17461,0.00166084416700074
2012,53,22,17403,17461,0.00125995074737988
2012,54,13,17416,17461,0.000744516350724472
2012,55,14,17430,17461,0.000801786839241739
2012,56,10,17440,17461,0.000572704885172671
2012,57,6,17446,17461,0.000343622931103602
2012,58,11,17457,17461,0.000629975373689938
2012,59,4,17461,17461,0.000229081954069068
2013,7,1,1,12788,7.81983109164842e-05
2013,16,1,2,12788,7.81983109164842e-05
2013,19,1,3,12788,7.81983109164842e-05
2013,21,1,4,12788,7.81983109164842e-05
2013,22,3,7,12788,0.000234594932749453
2013,23,1,8,12788,7.81983109164842e-05
2013,24,4,12,12788,0.000312793243665937
2013,25,9,21,12788,0.000703784798248358
2013,26,15,36,12788,0.00117297466374726
2013,27,10,46,12788,0.000781983109164842
2013,28,42,88,12788,0.00328432905849234
2013,29,68,156,12788,0.00531748514232093
2013,30,136,292,12788,0.0106349702846419
2013,31,228,520,12788,0.0178292148889584
2013,32,438,958,12788,0.0342508601814201
2013,33,754,1712,12788,0.0589615264310291
2013,34,1242,2954,12788,0.0971223021582734
2013,35,1527,4481,12788,0.119408820769471
2013,36,1526,6007,12788,0.119330622458555
2013,37,1524,7531,12788,0.119174225836722
2013,38,1320,8851,12788,0.103221770409759
2013,39,1034,9885,12788,0.0808570534876447
2013,40,800,10685,12788,0.0625586487331874
2013,41,599,11284,12788,0.046840788238974
2013,42,440,11724,12788,0.0344072568032531
2013,43,305,12029,12788,0.0238504848295277
2013,44,218,12247,12788,0.0170472317797936
2013,45,158,12405,12788,0.0123553331248045
2013,46,117,12522,12788,0.00914920237722865
2013,47,64,12586,12788,0.00500469189865499
2013,48,54,12640,12788,0.00422270878949015
2013,49,27,12667,12788,0.00211135439474507
2013,50,30,12697,12788,0.00234594932749453
2013,51,18,12715,12788,0.00140756959649672
2013,52,20,12735,12788,0.00156396621832968
2013,53,12,12747,12788,0.00093837973099781
2013,54,14,12761,12788,0.00109477635283078
2013,55,6,12767,12788,0.000469189865498905
2013,56,5,12772,12788,0.000390991554582421
2013,57,6,12778,12788,0.000469189865498905
2013,58,4,12782,12788,0.000312793243665937
2013,59,6,12788,12788,0.000469189865498905
2014,20,1,1,18591,5.37894680221613e-05
2014,22,1,2,18591,5.37894680221613e-05
2014,23,1,3,18591,5.37894680221613e-05
2014,24,4,7,18591,0.000215157872088645
2014,25,15,22,18591,0.000806842020332419
2014,26,32,54,18591,0.00172126297670916
2014,27,54,108,18591,0.00290463127319671
2014,28,100,208,18591,0.00537894680221613
2014,29,179,387,18591,0.00962831477596687
2014,30,309,696,18591,0.0166209456188478
2014,31,422,1118,18591,0.0226991555053521
2014,32,715,1833,18591,0.0384594696358453
2014,33,1155,2988,18591,0.0621268355655963
2014,34,2082,5070,18591,0.11198967242214
2014,35,2717,7787,18591,0.146145984616212
2014,36,2434,10221,18591,0.130923565165941
2014,37,2403,12624,18591,0.129256091657254
2014,38,1747,14371,18591,0.0939702006347157
2014,39,1280,15651,18591,0.0688505190683664
2014,40,960,16611,18591,0.0516378893012748
2014,41,668,17279,18591,0.0359313646388037
2014,42,436,17715,18591,0.0234522080576623
2014,43,270,17985,18591,0.0145231563659835
2014,44,163,18148,18591,0.00876768328761228
2014,45,121,18269,18591,0.00650852563068151
2014,46,77,18346,18591,0.00414178903770642
2014,47,49,18395,18591,0.0026356839330859
2014,48,54,18449,18591,0.00290463127319671
2014,49,29,18478,18591,0.00155989457264268
2014,50,30,18508,18591,0.00161368404066484
2014,51,24,18532,18591,0.00129094723253187
2014,52,19,18551,18591,0.00102199989242106
2014,53,11,18562,18591,0.000591684148243774
2014,54,7,18569,18591,0.000376526276155129
2014,55,9,18578,18591,0.000484105212199451
2014,56,5,18583,18591,0.000268947340110806
2014,57,2,18585,18591,0.000107578936044323
2014,58,4,18589,18591,0.000215157872088645
2014,59,2,18591,18591,0.000107578936044323
2015,15,2,2,14669,0.000136341945599564
2015,16,1,3,14669,6.81709727997819e-05
2015,19,2,5,14669,0.000136341945599564
2015,20,2,7,14669,0.000136341945599564
2015,21,5,12,14669,0.000340854863998909
2015,23,3,15,14669,0.000204512918399346
2015,24,1,16,14669,6.81709727997819e-05
2015,25,9,25,14669,0.000613538755198037
2015,26,13,38,14669,0.000886222646397164
2015,27,30,68,14669,0.00204512918399346
2015,28,46,114,14669,0.00313586474878997
2015,29,108,222,14669,0.00736246506237644
2015,30,237,459,14669,0.0161565205535483
2015,31,341,800,14669,0.0232463017247256
2015,32,590,1390,14669,0.0402208739518713
2015,33,863,2253,14669,0.0588315495262117
2015,34,1081,3334,14669,0.0736928215965642
2015,35,1544,4878,14669,0.105255982002863
2015,36,1878,6756,14669,0.12802508691799
2015,37,1862,8618,14669,0.126934351353194
2015,38,1568,10186,14669,0.106892085350058
2015,39,1437,11623,14669,0.0979616879132865
2015,40,1010,12633,14669,0.0688526825277797
2015,41,643,13276,14669,0.0438339355102597
2015,42,430,13706,14669,0.0293135183039062
2015,43,288,13994,14669,0.0196332401663372
2015,44,191,14185,14669,0.0130206558047583
2015,45,121,14306,14669,0.0082486877087736
2015,46,85,14391,14669,0.00579453268798146
2015,47,71,14462,14669,0.00484013906878451
2015,48,44,14506,14669,0.0029995228031904
2015,49,56,14562,14669,0.00381757447678778
2015,50,33,14595,14669,0.0022496421023928
2015,51,15,14610,14669,0.00102256459199673
2015,52,22,14632,14669,0.0014997614015952
2015,53,10,14642,14669,0.000681709727997819
2015,54,6,14648,14669,0.000409025836798691
2015,55,5,14653,14669,0.000340854863998909
2015,56,6,14659,14669,0.000409025836798691
2015,57,2,14661,14669,0.000136341945599564
2015,58,8,14669,14669,0.000545367782398255
2016,15,1,1,19342,5.17009616378865e-05
2016,16,1,2,19342,5.17009616378865e-05
2016,18,3,5,19342,0.000155102884913659
2016,20,3,8,19342,0.000155102884913659
2016,21,2,10,19342,0.000103401923275773
2016,22,1,11,19342,5.17009616378865e-05
2016,23,2,13,19342,0.000103401923275773
2016,24,3,16,19342,0.000155102884913659
2016,25,9,25,19342,0.000465308654740978
2016,26,10,35,19342,0.000517009616378865
2016,27,10,45,19342,0.000517009616378865
2016,28,21,66,19342,0.00108572019439562
2016,29,72,138,19342,0.00372246923792783
2016,30,193,331,19342,0.00997828559611209
2016,31,321,652,19342,0.0165960086857616
2016,32,578,1230,19342,0.0298831558266984
2016,33,938,2168,19342,0.0484955020163375
2016,34,1403,3571,19342,0.0725364491779547
2016,35,1791,5362,19342,0.0925964222934547
2016,36,2160,7522,19342,0.111674077137835
2016,37,2479,10001,19342,0.128166683900321
2016,38,2285,12286,19342,0.118136697342571
2016,39,2105,14391,19342,0.108830524247751
2016,40,1616,16007,19342,0.0835487540068245
2016,41,1164,17171,19342,0.0601799193464998
2016,42,830,18001,19342,0.0429117981594458
2016,43,497,18498,19342,0.0256953779340296
2016,44,298,18796,19342,0.0154068865680902
2016,45,180,18976,19342,0.00930617309481956
2016,46,129,19105,19342,0.00666942405128735
2016,47,70,19175,19342,0.00361906731465205
2016,48,38,19213,19342,0.00196463654223969
2016,49,30,19243,19342,0.00155102884913659
2016,50,36,19279,19342,0.00186123461896391
2016,51,10,19289,19342,0.000517009616378865
2016,52,10,19299,19342,0.000517009616378865
2016,53,11,19310,19342,0.000568710578016751
2016,54,4,19314,19342,0.000206803846551546
2016,55,6,19320,19342,0.000310205769827319
2016,56,5,19325,19342,0.000258504808189432
2016,57,6,19331,19342,0.000310205769827319
2016,58,3,19334,19342,0.000155102884913659
2016,59,8,19342,19342,0.000413607693103092
2017,7,1,1,11636,8.5940185630801e-05
2017,17,1,2,11636,8.5940185630801e-05
2017,18,1,3,11636,8.5940185630801e-05
2017,19,2,5,11636,0.000171880371261602
2017,20,1,6,11636,8.5940185630801e-05
2017,21,1,7,11636,8.5940185630801e-05
2017,23,5,12,11636,0.000429700928154005
2017,24,7,19,11636,0.000601581299415607
2017,25,2,21,11636,0.000171880371261602
2017,26,4,25,11636,0.000343760742523204
2017,27,8,33,11636,0.000687521485046408
2017,28,15,48,11636,0.00128910278446201
2017,29,29,77,11636,0.00249226538329323
2017,30,65,142,11636,0.00558611206600206
2017,31,112,254,11636,0.00962530079064971
2017,32,232,486,11636,0.0199381230663458
2017,33,423,909,11636,0.0363526985218288
2017,34,771,1680,11636,0.0662598831213475
2017,35,1099,2779,11636,0.0944482640082503
2017,36,1438,4217,11636,0.123581986937092
2017,37,1549,5766,11636,0.133121347542111
2017,38,1548,7314,11636,0.13303540735648
2017,39,1335,8649,11636,0.114730147817119
2017,40,962,9611,11636,0.0826744585768305
2017,41,698,10309,11636,0.0599862495702991
2017,42,427,10736,11636,0.036696459264352
2017,43,294,11030,11636,0.0252664145754555
2017,44,160,11190,11636,0.0137504297009282
2017,45,127,11317,11636,0.0109144035751117
2017,46,94,11411,11636,0.00807837744929529
2017,47,65,11476,11636,0.00558611206600206
2017,48,38,11514,11636,0.00326572705397044
2017,49,31,11545,11636,0.00266414575455483
2017,50,17,11562,11636,0.00146098315572362
2017,51,9,11571,11636,0.000773461670677209
2017,52,16,11587,11636,0.00137504297009282
2017,53,9,11596,11636,0.000773461670677209
2017,54,9,11605,11636,0.000773461670677209
2017,55,6,11611,11636,0.000515641113784806
2017,56,7,11618,11636,0.000601581299415607
2017,57,9,11627,11636,0.000773461670677209
2017,58,4,11631,11636,0.000343760742523204
2017,59,5,11636,11636,0.000429700928154005
2018,8,1,1,9006.99322033898,0.000111024842090684
2018,17,1,2,9006.99322033898,0.000111024842090684
2018,24,1,3,9006.99322033898,0.000111024842090684
2018,25,4,7,9006.99322033898,0.000444099368362737
2018,26,7,14,9006.99322033898,0.00077717389463479
2018,27,10,24,9006.99322033898,0.00111024842090684
2018,28,10,34,9006.99322033898,0.00111024842090684
2018,29,14,48,9006.99322033898,0.00155434778926958
2018,30,31,79,9006.99322033898,0.00344177010481121
2018,31,60,139,9006.99322033898,0.00666149052544106
2018,32,93.0033898305085,232.003389830508,9006.99322033898,0.0103256866698306
2018,33,165.003389830508,397.006779661017,9006.99322033898,0.0183194753003598
2018,34,343.006779661017,740.013559322034,9006.99322033898,0.0380822735478986
2018,35,733.013559322034,1473.02711864407,9006.99322033898,0.0813827146740593
2018,36,1071.00677966102,2544.03389830508,9006.99322033898,0.118908358589917
2018,37,1229.03050847458,3773.06440677966,9006.99322033898,0.136452918128023
2018,38,1254.03389830508,5027.09830508475,9006.99322033898,0.139228915535687
2018,39,1008.08474576271,6035.18305084746,9006.99322033898,0.111922449712333
2018,40,880.135593220339,6915.3186440678,9006.99322033898,0.0977169152556789
2018,41,650.118644067797,7565.43728813559,9006.99322033898,0.0721793197978369
2018,42,482.071186440678,8047.50847457627,9006.99322033898,0.0535218773510451
2018,43,325.125423728814,8372.63389830508,9006.99322033898,0.0360969988291584
2018,44,189.084745762712,8561.7186440678,9006.99322033898,0.0209931040400623
2018,45,132.071186440678,8693.78983050847,9006.99322033898,0.0146631826193056
2018,46,74.0372881355932,8767.82711864407,9006.99322033898,0.00821997822407673
2018,47,74.0610169491525,8841.88813559322,9006.99322033898,0.00822261271185515
2018,48,43.0237288135593,8884.91186440678,9006.99322033898,0.00477670269767785
2018,49,20.0135593220339,8904.92542372881,9006.99322033898,0.00222200226340136
2018,50,24.0203389830508,8928.94576271186,9006.99322033898,0.00266685434255793
2018,51,17.0101694915254,8945.95593220339,9006.99322033898,0.00188855138173239
2018,52,16.0101694915254,8961.96610169492,9006.99322033898,0.0017775265396417
2018,53,11.0101694915254,8972.97627118644,9006.99322033898,0.00122240232918828
2018,54,11.0067796610169,8983.98305084746,9006.99322033898,0.00122202597379136
2018,55,7.00338983050847,8990.98644067797,9006.99322033898,0.000777550250031707
2018,56,4.00338983050847,8994.98983050848,9006.99322033898,0.000444475723759654
2018,57,7.00338983050847,9001.99322033898,9006.99322033898,0.000777550250031707
2018,58,3,9004.99322033898,9006.99322033898,0.000333074526272053
2018,59,2,9006.99322033898,9006.99322033898,0.000222049684181369
2019,17,1,1,12378,8.07884957182097e-05
2019,18,2,3,12378,0.000161576991436419
2019,20,2,5,12378,0.000161576991436419
2019,21,1,6,12378,8.07884957182097e-05
2019,22,3,9,12378,0.000242365487154629
2019,23,1,10,12378,8.07884957182097e-05
2019,24,2,12,12378,0.000161576991436419
2019,26,2,14,12378,0.000161576991436419
2019,27,4,18,12378,0.000323153982872839
2019,28,6,24,12378,0.000484730974309258
2019,29,18,42,12378,0.00145419292292777
2019,30,23,65,12378,0.00185813540151882
2019,31,67,132,12378,0.00541282921312005
2019,32,83,215,12378,0.00670544514461141
2019,33,177,392,12378,0.0142995637421231
2019,34,264,656,12378,0.0213281628696074
2019,35,607,1263,12378,0.0490386169009533
2019,36,1119,2382,12378,0.0904023267086767
2019,37,1573,3955,12378,0.127080303764744
2019,38,1763,5718,12378,0.142430117951204
2019,39,1701,7419,12378,0.137421231216675
2019,40,1289,8708,12378,0.104136370980772
2019,41,914,9622,12378,0.0738406850864437
2019,42,742,10364,12378,0.0599450638229116
2019,43,571,10935,12378,0.0461302310550978
2019,44,458,11393,12378,0.0370011310389401
2019,45,332,11725,12378,0.0268217805784456
2019,46,187,11912,12378,0.0151074486993052
2019,47,120,12032,12378,0.00969461948618517
2019,48,89,12121,12378,0.00719017611892067
2019,49,85,12206,12378,0.00686702213604783
2019,50,37,12243,12378,0.00298917434157376
2019,51,51,12294,12378,0.0041202132816287
2019,52,23,12317,12378,0.00185813540151882
2019,53,15,12332,12378,0.00121182743577315
2019,54,11,12343,12378,0.000888673452900307
2019,55,4,12347,12378,0.000323153982872839
2019,56,10,12357,12378,0.000807884957182097
2019,57,4,12361,12378,0.000323153982872839
2019,58,10,12371,12378,0.000807884957182097
2019,59,7,12378,12378,0.000565519470027468
2020,23,1,1,4135,0.000241837968561064
2020,27,1,2,4135,0.000241837968561064
2020,28,3,5,4135,0.000725513905683192
2020,30,4,9,4135,0.000967351874244256
2020,31,15,24,4135,0.00362756952841596
2020,32,22,46,4135,0.00532043530834341
2020,33,49,95,4135,0.0118500604594921
2020,34,84,179,4135,0.0203143893591294
2020,35,130,309,4135,0.0314389359129383
2020,36,214,523,4135,0.0517533252720677
2020,37,337,860,4135,0.0814993954050786
2020,38,485,1345,4135,0.117291414752116
2020,39,548,1893,4135,0.132527206771463
2020,40,494,2387,4135,0.119467956469166
2020,41,395,2782,4135,0.0955259975816203
2020,42,335,3117,4135,0.0810157194679565
2020,43,262,3379,4135,0.0633615477629988
2020,44,199,3578,4135,0.0481257557436518
2020,45,168,3746,4135,0.0406287787182588
2020,46,106,3852,4135,0.0256348246674728
2020,47,79,3931,4135,0.0191051995163241
2020,48,47,3978,4135,0.01136638452237
2020,49,49,4027,4135,0.0118500604594921
2020,50,35,4062,4135,0.00846432889963724
2020,51,14,4076,4135,0.0033857315598549
2020,52,15,4091,4135,0.00362756952841596
2020,53,11,4102,4135,0.0026602176541717
2020,54,11,4113,4135,0.0026602176541717
2020,55,2,4115,4135,0.000483675937122128
2020,56,5,4120,4135,0.00120918984280532
2020,57,9,4129,4135,0.00217654171704958
2020,58,2,4131,4135,0.000483675937122128
2020,59,4,4135,4135,0.000967351874244256
2021,25,2,2,3789,0.000527843758247559
2021,27,2,4,3789,0.000527843758247559
2021,28,5,9,3789,0.0013196093956189
2021,29,3,12,3789,0.000791765637371338
2021,30,5,17,3789,0.0013196093956189
2021,31,17,34,3789,0.00448667194510425
2021,32,25,59,3789,0.00659804697809448
2021,33,70,129,3789,0.0184745315386646
2021,34,97,226,3789,0.0256004222750066
2021,35,168,394,3789,0.0443388756927949
2021,36,280,674,3789,0.0738981261546582
2021,37,321,995,3789,0.0847189231987332
2021,38,407,1402,3789,0.107416204803378
2021,39,486,1888,3789,0.128266033254157
2021,40,449,2337,3789,0.118500923726577
2021,41,364,2701,3789,0.0960675640010557
2021,42,292,2993,3789,0.0770651887041436
2021,43,220,3213,3789,0.0580628134072315
2021,44,175,3388,3789,0.0461863288466614
2021,45,108,3496,3789,0.0285035629453682
2021,46,93,3589,3789,0.0245447347585115
2021,47,55,3644,3789,0.0145157033518079
2021,48,39,3683,3789,0.0102929532858274
2021,49,28,3711,3789,0.00738981261546582
2021,50,25,3736,3789,0.00659804697809448
2021,51,8,3744,3789,0.00211137503299024
2021,52,17,3761,3789,0.00448667194510425
2021,53,5,3766,3789,0.0013196093956189
2021,54,9,3775,3789,0.00237529691211401
2021,55,4,3779,3789,0.00105568751649512
2021,57,7,3786,3789,0.00184745315386646
2021,58,1,3787,3789,0.000263921879123779
2021,59,2,3789,3789,0.000527843758247559
